,cid,y
0,http://rdf.ncbi.nlm.nih.gov/pubchem/compound/CID4763,2.681
1,http://rdf.ncbi.nlm.nih.gov/pubchem/compound/CID3036,7.271
2,http://rdf.ncbi.nlm.nih.gov/pubchem/compound/CID5759,4.4239999999999995
3,http://rdf.ncbi.nlm.nih.gov/pubchem/compound/CID1493,4.224
4,http://rdf.ncbi.nlm.nih.gov/pubchem/compound/CID5641,1.2309999999999999
5,http://rdf.ncbi.nlm.nih.gov/pubchem/compound/CID5853,3.373
6,http://rdf.ncbi.nlm.nih.gov/pubchem/compound/CID5921,2.12
7,http://rdf.ncbi.nlm.nih.gov/pubchem/compound/CID2331,2.263
8,http://rdf.ncbi.nlm.nih.gov/pubchem/compound/CID3346,4.939
9,http://rdf.ncbi.nlm.nih.gov/pubchem/compound/CID4510,4.919
10,http://rdf.ncbi.nlm.nih.gov/pubchem/compound/CID5943,3.57
11,http://rdf.ncbi.nlm.nih.gov/pubchem/compound/CID991,5.315
12,http://rdf.ncbi.nlm.nih.gov/pubchem/compound/CID5971,6.064
13,http://rdf.ncbi.nlm.nih.gov/pubchem/compound/CID5976,3.884
14,http://rdf.ncbi.nlm.nih.gov/pubchem/compound/CID5977,3.1189999999999998
15,http://rdf.ncbi.nlm.nih.gov/pubchem/compound/CID2164,3.423
16,http://rdf.ncbi.nlm.nih.gov/pubchem/compound/CID1030,0.349
17,http://rdf.ncbi.nlm.nih.gov/pubchem/compound/CID5993,6.819
18,http://rdf.ncbi.nlm.nih.gov/pubchem/compound/CID4055,6.195
19,http://rdf.ncbi.nlm.nih.gov/pubchem/compound/CIDno mapping,6.607
20,http://rdf.ncbi.nlm.nih.gov/pubchem/compound/CID6028,5.352
21,http://rdf.ncbi.nlm.nih.gov/pubchem/compound/CID1732,4.416
22,http://rdf.ncbi.nlm.nih.gov/pubchem/compound/CID5232305,3.6889999999999996
23,http://rdf.ncbi.nlm.nih.gov/pubchem/compound/CID3283,1.462
24,http://rdf.ncbi.nlm.nih.gov/pubchem/compound/CID969491,7.21
25,http://rdf.ncbi.nlm.nih.gov/pubchem/compound/CID6115,2.9930000000000003
26,http://rdf.ncbi.nlm.nih.gov/pubchem/compound/CID2723949,2.444
27,http://rdf.ncbi.nlm.nih.gov/pubchem/compound/CID3039,4.742
28,http://rdf.ncbi.nlm.nih.gov/pubchem/compound/CID6124,1.8969999999999998
29,http://rdf.ncbi.nlm.nih.gov/pubchem/compound/CID6129,4.446000000000001
30,http://rdf.ncbi.nlm.nih.gov/pubchem/compound/CID702,0.534
31,http://rdf.ncbi.nlm.nih.gov/pubchem/compound/CID21980959,2.8569999999999998
32,http://rdf.ncbi.nlm.nih.gov/pubchem/compound/CID5147,3.133
33,http://rdf.ncbi.nlm.nih.gov/pubchem/compound/CID6184,3.7560000000000002
34,http://rdf.ncbi.nlm.nih.gov/pubchem/compound/CID54676038,4.8180000000000005
35,http://rdf.ncbi.nlm.nih.gov/pubchem/compound/CID66139,4.6339999999999995
36,http://rdf.ncbi.nlm.nih.gov/pubchem/compound/CID887,0.055999999999999994
37,http://rdf.ncbi.nlm.nih.gov/pubchem/compound/CID3776,0.778
38,http://rdf.ncbi.nlm.nih.gov/pubchem/compound/CID180,0.8540000000000001
39,http://rdf.ncbi.nlm.nih.gov/pubchem/compound/CID6212,3.094
40,http://rdf.ncbi.nlm.nih.gov/pubchem/compound/CID6214,5.242000000000001
41,http://rdf.ncbi.nlm.nih.gov/pubchem/compound/CID129829565,3.487
42,http://rdf.ncbi.nlm.nih.gov/pubchem/compound/CID3598,7.287000000000001
43,http://rdf.ncbi.nlm.nih.gov/pubchem/compound/CID6265,6.665
44,http://rdf.ncbi.nlm.nih.gov/pubchem/compound/CID6270,3.009
45,http://rdf.ncbi.nlm.nih.gov/pubchem/compound/CID1031,1.12
46,http://rdf.ncbi.nlm.nih.gov/pubchem/compound/CID263,1.589
47,http://rdf.ncbi.nlm.nih.gov/pubchem/compound/CID6276,2.217
48,http://rdf.ncbi.nlm.nih.gov/pubchem/compound/CID241,3.445
49,http://rdf.ncbi.nlm.nih.gov/pubchem/compound/CID6278,3.4019999999999997
50,http://rdf.ncbi.nlm.nih.gov/pubchem/compound/CID4115,7.607
51,http://rdf.ncbi.nlm.nih.gov/pubchem/compound/CID6294,4.862
52,http://rdf.ncbi.nlm.nih.gov/pubchem/compound/CID6342,1.6130000000000002
53,http://rdf.ncbi.nlm.nih.gov/pubchem/compound/CID177,3.076
54,http://rdf.ncbi.nlm.nih.gov/pubchem/compound/CID6344,2.424
55,http://rdf.ncbi.nlm.nih.gov/pubchem/compound/CID6354,2.72
56,http://rdf.ncbi.nlm.nih.gov/pubchem/compound/CID6366,2.8560000000000003
57,http://rdf.ncbi.nlm.nih.gov/pubchem/compound/CID6367,3.272
58,http://rdf.ncbi.nlm.nih.gov/pubchem/compound/CID6374,5.13
59,http://rdf.ncbi.nlm.nih.gov/pubchem/compound/CID6386,1.063
60,http://rdf.ncbi.nlm.nih.gov/pubchem/compound/CID6409,2.925
61,http://rdf.ncbi.nlm.nih.gov/pubchem/compound/CID6416,3.0610000000000004
62,http://rdf.ncbi.nlm.nih.gov/pubchem/compound/CID6418,2.693
63,http://rdf.ncbi.nlm.nih.gov/pubchem/compound/CID6419,4.428999999999999
64,http://rdf.ncbi.nlm.nih.gov/pubchem/compound/CID23223116,1.912
65,http://rdf.ncbi.nlm.nih.gov/pubchem/compound/CID3589,6.752000000000001
66,http://rdf.ncbi.nlm.nih.gov/pubchem/compound/CID6478,6.604
67,http://rdf.ncbi.nlm.nih.gov/pubchem/compound/CID6491,0.89
68,http://rdf.ncbi.nlm.nih.gov/pubchem/compound/CID6492,3.407
69,http://rdf.ncbi.nlm.nih.gov/pubchem/compound/CID6493,2.182
70,http://rdf.ncbi.nlm.nih.gov/pubchem/compound/CID6494,1.905
71,http://rdf.ncbi.nlm.nih.gov/pubchem/compound/CID6525,2.6860000000000004
72,http://rdf.ncbi.nlm.nih.gov/pubchem/compound/CID6531,4.659
73,http://rdf.ncbi.nlm.nih.gov/pubchem/compound/CID6540,4.551
74,http://rdf.ncbi.nlm.nih.gov/pubchem/compound/CID6544,2.737
75,http://rdf.ncbi.nlm.nih.gov/pubchem/compound/CID6557,2.952
76,http://rdf.ncbi.nlm.nih.gov/pubchem/compound/CID6560,1.703
77,http://rdf.ncbi.nlm.nih.gov/pubchem/compound/CID6564,2.928
78,http://rdf.ncbi.nlm.nih.gov/pubchem/compound/CID6567,1.817
79,http://rdf.ncbi.nlm.nih.gov/pubchem/compound/CID6569,1.35
80,http://rdf.ncbi.nlm.nih.gov/pubchem/compound/CID6572,4.897
81,http://rdf.ncbi.nlm.nih.gov/pubchem/compound/CID6574,3.213
82,http://rdf.ncbi.nlm.nih.gov/pubchem/compound/CID6575,3.47
83,http://rdf.ncbi.nlm.nih.gov/pubchem/compound/CID6579,2.793
84,http://rdf.ncbi.nlm.nih.gov/pubchem/compound/CID2723789,3.642
85,http://rdf.ncbi.nlm.nih.gov/pubchem/compound/CID6584,2.269
86,http://rdf.ncbi.nlm.nih.gov/pubchem/compound/CID6591,3.9160000000000004
87,http://rdf.ncbi.nlm.nih.gov/pubchem/compound/CID638014,4.577
88,http://rdf.ncbi.nlm.nih.gov/pubchem/compound/CID6618,5.835
89,http://rdf.ncbi.nlm.nih.gov/pubchem/compound/CID6619,5.44
90,http://rdf.ncbi.nlm.nih.gov/pubchem/compound/CID6623,4.691
91,http://rdf.ncbi.nlm.nih.gov/pubchem/compound/CID6624,5.245
92,http://rdf.ncbi.nlm.nih.gov/pubchem/compound/CID6643,4.802
93,http://rdf.ncbi.nlm.nih.gov/pubchem/compound/CID6734,4.984
94,http://rdf.ncbi.nlm.nih.gov/pubchem/compound/CID6736,4.171
95,http://rdf.ncbi.nlm.nih.gov/pubchem/compound/CID6758,7.818
96,http://rdf.ncbi.nlm.nih.gov/pubchem/compound/CID6778,6.6
97,http://rdf.ncbi.nlm.nih.gov/pubchem/compound/CID6781,4.1160000000000005
98,http://rdf.ncbi.nlm.nih.gov/pubchem/compound/CID6782,5.49
99,http://rdf.ncbi.nlm.nih.gov/pubchem/compound/CID3026,5.367000000000001
100,http://rdf.ncbi.nlm.nih.gov/pubchem/compound/CID2347,5.224
101,http://rdf.ncbi.nlm.nih.gov/pubchem/compound/CID6849,4.532
102,http://rdf.ncbi.nlm.nih.gov/pubchem/compound/CID6854,5.255
103,http://rdf.ncbi.nlm.nih.gov/pubchem/compound/CID992,6.027
104,http://rdf.ncbi.nlm.nih.gov/pubchem/compound/CID6993580,2.501
105,http://rdf.ncbi.nlm.nih.gov/pubchem/compound/CID6914,4.637
106,http://rdf.ncbi.nlm.nih.gov/pubchem/compound/CID6931,4.51
107,http://rdf.ncbi.nlm.nih.gov/pubchem/compound/CID6942,2.537
108,http://rdf.ncbi.nlm.nih.gov/pubchem/compound/CID6947,2.9389999999999996
109,http://rdf.ncbi.nlm.nih.gov/pubchem/compound/CID6950,6.191
110,http://rdf.ncbi.nlm.nih.gov/pubchem/compound/CID6978,3.7880000000000003
111,http://rdf.ncbi.nlm.nih.gov/pubchem/compound/CID6998,4.725
112,http://rdf.ncbi.nlm.nih.gov/pubchem/compound/CID7005,4.538
113,http://rdf.ncbi.nlm.nih.gov/pubchem/compound/CID7024,5.518
114,http://rdf.ncbi.nlm.nih.gov/pubchem/compound/CID7047,3.448
115,http://rdf.ncbi.nlm.nih.gov/pubchem/compound/CID7048,2.904
116,http://rdf.ncbi.nlm.nih.gov/pubchem/compound/CID61571,3.861
117,http://rdf.ncbi.nlm.nih.gov/pubchem/compound/CID7061,3.9589999999999996
118,http://rdf.ncbi.nlm.nih.gov/pubchem/compound/CID7067,3.53
119,http://rdf.ncbi.nlm.nih.gov/pubchem/compound/CID7070,5.085
120,http://rdf.ncbi.nlm.nih.gov/pubchem/compound/CID7095,4.72
121,http://rdf.ncbi.nlm.nih.gov/pubchem/compound/CID7158,4.198
122,http://rdf.ncbi.nlm.nih.gov/pubchem/compound/CID7165,4.247
123,http://rdf.ncbi.nlm.nih.gov/pubchem/compound/CID7166,5.169
124,http://rdf.ncbi.nlm.nih.gov/pubchem/compound/CID2337,3.665
125,http://rdf.ncbi.nlm.nih.gov/pubchem/compound/CID135408751,4.628
126,http://rdf.ncbi.nlm.nih.gov/pubchem/compound/CID1486,2.925
127,http://rdf.ncbi.nlm.nih.gov/pubchem/compound/CID7207,4.262
128,http://rdf.ncbi.nlm.nih.gov/pubchem/compound/CID1489,4.141
129,http://rdf.ncbi.nlm.nih.gov/pubchem/compound/CID7213,4.023
130,http://rdf.ncbi.nlm.nih.gov/pubchem/compound/CID7237,3.8110000000000004
131,http://rdf.ncbi.nlm.nih.gov/pubchem/compound/CID335,3.888
132,http://rdf.ncbi.nlm.nih.gov/pubchem/compound/CID7241,3.753
133,http://rdf.ncbi.nlm.nih.gov/pubchem/compound/CID7245,4.019
134,http://rdf.ncbi.nlm.nih.gov/pubchem/compound/CID7247,4.192
135,http://rdf.ncbi.nlm.nih.gov/pubchem/compound/CID7249,3.9410000000000003
136,http://rdf.ncbi.nlm.nih.gov/pubchem/compound/CID7257,4.323
137,http://rdf.ncbi.nlm.nih.gov/pubchem/compound/CID7261,1.935
138,http://rdf.ncbi.nlm.nih.gov/pubchem/compound/CID7270,5.829
139,http://rdf.ncbi.nlm.nih.gov/pubchem/compound/CID7271,5.266
140,http://rdf.ncbi.nlm.nih.gov/pubchem/compound/CID7274,5.105
141,http://rdf.ncbi.nlm.nih.gov/pubchem/compound/CID7276,3.995
142,http://rdf.ncbi.nlm.nih.gov/pubchem/compound/CID7281,3.487
143,http://rdf.ncbi.nlm.nih.gov/pubchem/compound/CID7284,3.9360000000000004
144,http://rdf.ncbi.nlm.nih.gov/pubchem/compound/CID7285,3.408
145,http://rdf.ncbi.nlm.nih.gov/pubchem/compound/CID5324275,2.0140000000000002
146,http://rdf.ncbi.nlm.nih.gov/pubchem/compound/CID7313,2.859
147,http://rdf.ncbi.nlm.nih.gov/pubchem/compound/CID3037,5.939
148,http://rdf.ncbi.nlm.nih.gov/pubchem/compound/CID3314,3.835
149,http://rdf.ncbi.nlm.nih.gov/pubchem/compound/CID7362,3.569
150,http://rdf.ncbi.nlm.nih.gov/pubchem/compound/CID7393,4.466
151,http://rdf.ncbi.nlm.nih.gov/pubchem/compound/CID7410,2.87
152,http://rdf.ncbi.nlm.nih.gov/pubchem/compound/CID7412,3.608
153,http://rdf.ncbi.nlm.nih.gov/pubchem/compound/CID7416,3.0180000000000002
154,http://rdf.ncbi.nlm.nih.gov/pubchem/compound/CID7422,3.6430000000000002
155,http://rdf.ncbi.nlm.nih.gov/pubchem/compound/CID7434,5.316
156,http://rdf.ncbi.nlm.nih.gov/pubchem/compound/CID7449,4.416
157,http://rdf.ncbi.nlm.nih.gov/pubchem/compound/CID7452,4.122
158,http://rdf.ncbi.nlm.nih.gov/pubchem/compound/CID7471,3.415
159,http://rdf.ncbi.nlm.nih.gov/pubchem/compound/CID7473,3.44
160,http://rdf.ncbi.nlm.nih.gov/pubchem/compound/CID7492,5.39
161,http://rdf.ncbi.nlm.nih.gov/pubchem/compound/CID7500,3.947
162,http://rdf.ncbi.nlm.nih.gov/pubchem/compound/CID7501,3.786
163,http://rdf.ncbi.nlm.nih.gov/pubchem/compound/CID7503,4.4030000000000005
164,http://rdf.ncbi.nlm.nih.gov/pubchem/compound/CID7515,3.03
165,http://rdf.ncbi.nlm.nih.gov/pubchem/compound/CID7517,2.736
166,http://rdf.ncbi.nlm.nih.gov/pubchem/compound/CID7522,2.157
167,http://rdf.ncbi.nlm.nih.gov/pubchem/compound/CID7523,2.4130000000000003
168,http://rdf.ncbi.nlm.nih.gov/pubchem/compound/CID7528,0.898
169,http://rdf.ncbi.nlm.nih.gov/pubchem/compound/CID4101,0.449
170,http://rdf.ncbi.nlm.nih.gov/pubchem/compound/CID7547,6.535
171,http://rdf.ncbi.nlm.nih.gov/pubchem/compound/CID7583,4.629
172,http://rdf.ncbi.nlm.nih.gov/pubchem/compound/CID700999,4.082
173,http://rdf.ncbi.nlm.nih.gov/pubchem/compound/CID7603,3.4360000000000004
174,http://rdf.ncbi.nlm.nih.gov/pubchem/compound/CID7618,1.102
175,http://rdf.ncbi.nlm.nih.gov/pubchem/compound/CID7632,3.3930000000000002
176,http://rdf.ncbi.nlm.nih.gov/pubchem/compound/CID7677,1.308
177,http://rdf.ncbi.nlm.nih.gov/pubchem/compound/CID1752,5.912000000000001
178,http://rdf.ncbi.nlm.nih.gov/pubchem/compound/CID7714,2.092
179,http://rdf.ncbi.nlm.nih.gov/pubchem/compound/CID7720,3.6639999999999997
180,http://rdf.ncbi.nlm.nih.gov/pubchem/compound/CID7726,4.805
181,http://rdf.ncbi.nlm.nih.gov/pubchem/compound/CID7728,3.174
182,http://rdf.ncbi.nlm.nih.gov/pubchem/compound/CID7761,4.016
183,http://rdf.ncbi.nlm.nih.gov/pubchem/compound/CID5271570,5.522
184,http://rdf.ncbi.nlm.nih.gov/pubchem/compound/CID7784,4.851
185,http://rdf.ncbi.nlm.nih.gov/pubchem/compound/CID637566,4.586
186,http://rdf.ncbi.nlm.nih.gov/pubchem/compound/CID7804,5.284
187,http://rdf.ncbi.nlm.nih.gov/pubchem/compound/CID7807,3.5589999999999997
188,http://rdf.ncbi.nlm.nih.gov/pubchem/compound/CID2879,3.6660000000000004
189,http://rdf.ncbi.nlm.nih.gov/pubchem/compound/CID4684,4.459
190,http://rdf.ncbi.nlm.nih.gov/pubchem/compound/CID7819,4.7860000000000005
191,http://rdf.ncbi.nlm.nih.gov/pubchem/compound/CID7847,6.317
192,http://rdf.ncbi.nlm.nih.gov/pubchem/compound/CID7850,3.5460000000000003
193,http://rdf.ncbi.nlm.nih.gov/pubchem/compound/CID11,2.8960000000000004
194,http://rdf.ncbi.nlm.nih.gov/pubchem/compound/CID7852,2.283
195,http://rdf.ncbi.nlm.nih.gov/pubchem/compound/CID7854,1.5590000000000002
196,http://rdf.ncbi.nlm.nih.gov/pubchem/compound/CID7855,3.569
197,http://rdf.ncbi.nlm.nih.gov/pubchem/compound/CID7856,4.748
198,http://rdf.ncbi.nlm.nih.gov/pubchem/compound/CID3301,2.576
199,http://rdf.ncbi.nlm.nih.gov/pubchem/compound/CID7858,5.2589999999999995
200,http://rdf.ncbi.nlm.nih.gov/pubchem/compound/CID7859,4.564
201,http://rdf.ncbi.nlm.nih.gov/pubchem/compound/CID174,0.037000000000000005
202,http://rdf.ncbi.nlm.nih.gov/pubchem/compound/CID7860,2.431
203,http://rdf.ncbi.nlm.nih.gov/pubchem/compound/CID7863,2.891
204,http://rdf.ncbi.nlm.nih.gov/pubchem/compound/CID7870,1.043
205,http://rdf.ncbi.nlm.nih.gov/pubchem/compound/CID61017,3.72
206,http://rdf.ncbi.nlm.nih.gov/pubchem/compound/CID7873,5.347
207,http://rdf.ncbi.nlm.nih.gov/pubchem/compound/CID7895,1.8419999999999999
208,http://rdf.ncbi.nlm.nih.gov/pubchem/compound/CID7904,3.573
209,http://rdf.ncbi.nlm.nih.gov/pubchem/compound/CID7909,2.271
210,http://rdf.ncbi.nlm.nih.gov/pubchem/compound/CID7914,2.114
211,http://rdf.ncbi.nlm.nih.gov/pubchem/compound/CID7929,3.822
212,http://rdf.ncbi.nlm.nih.gov/pubchem/compound/CID342,3.287
213,http://rdf.ncbi.nlm.nih.gov/pubchem/compound/CID5054,3.302
214,http://rdf.ncbi.nlm.nih.gov/pubchem/compound/CID7961,4.448
215,http://rdf.ncbi.nlm.nih.gov/pubchem/compound/CID1140,3.43
216,http://rdf.ncbi.nlm.nih.gov/pubchem/compound/CID7963,2.364
217,http://rdf.ncbi.nlm.nih.gov/pubchem/compound/CID7964,3.645
218,http://rdf.ncbi.nlm.nih.gov/pubchem/compound/CID7967,2.193
219,http://rdf.ncbi.nlm.nih.gov/pubchem/compound/CID20488062,3.495
220,http://rdf.ncbi.nlm.nih.gov/pubchem/compound/CID7970,2.8110000000000004
221,http://rdf.ncbi.nlm.nih.gov/pubchem/compound/CID53167,1.639
222,http://rdf.ncbi.nlm.nih.gov/pubchem/compound/CID7975,2.016
223,http://rdf.ncbi.nlm.nih.gov/pubchem/compound/CID66057,1.65
224,http://rdf.ncbi.nlm.nih.gov/pubchem/compound/CID7983,4.095
225,http://rdf.ncbi.nlm.nih.gov/pubchem/compound/CID7991,3.123
226,http://rdf.ncbi.nlm.nih.gov/pubchem/compound/CID7997,3.2310000000000003
227,http://rdf.ncbi.nlm.nih.gov/pubchem/compound/CID8001,5.052
228,http://rdf.ncbi.nlm.nih.gov/pubchem/compound/CID8002,3.572
229,http://rdf.ncbi.nlm.nih.gov/pubchem/compound/CID8007,2.436
230,http://rdf.ncbi.nlm.nih.gov/pubchem/compound/CID8009,2.5669999999999997
231,http://rdf.ncbi.nlm.nih.gov/pubchem/compound/CID8010,5.072
232,http://rdf.ncbi.nlm.nih.gov/pubchem/compound/CID8018,2.156
233,http://rdf.ncbi.nlm.nih.gov/pubchem/compound/CID8020,1.037
234,http://rdf.ncbi.nlm.nih.gov/pubchem/compound/CID8021,1.932
235,http://rdf.ncbi.nlm.nih.gov/pubchem/compound/CID8027,2.504
236,http://rdf.ncbi.nlm.nih.gov/pubchem/compound/CID8028,1.524
237,http://rdf.ncbi.nlm.nih.gov/pubchem/compound/CID8029,3.048
238,http://rdf.ncbi.nlm.nih.gov/pubchem/compound/CID8034,2.8560000000000003
239,http://rdf.ncbi.nlm.nih.gov/pubchem/compound/CID8049,4.976
240,http://rdf.ncbi.nlm.nih.gov/pubchem/compound/CID8051,2.94
241,http://rdf.ncbi.nlm.nih.gov/pubchem/compound/CID8058,4.537
242,http://rdf.ncbi.nlm.nih.gov/pubchem/compound/CID8059,3.391
243,http://rdf.ncbi.nlm.nih.gov/pubchem/compound/CID8063,3.825
244,http://rdf.ncbi.nlm.nih.gov/pubchem/compound/CID8072,1.78
245,http://rdf.ncbi.nlm.nih.gov/pubchem/compound/CID8078,3.298
246,http://rdf.ncbi.nlm.nih.gov/pubchem/compound/CID8081,1.18
247,http://rdf.ncbi.nlm.nih.gov/pubchem/compound/CID9862,3.168
248,http://rdf.ncbi.nlm.nih.gov/pubchem/compound/CID8101,4.68
249,http://rdf.ncbi.nlm.nih.gov/pubchem/compound/CID8117,0.15
250,http://rdf.ncbi.nlm.nih.gov/pubchem/compound/CID8118,3.736
251,http://rdf.ncbi.nlm.nih.gov/pubchem/compound/CID8129,3.5069999999999997
252,http://rdf.ncbi.nlm.nih.gov/pubchem/compound/CID8140,5.3629999999999995
253,http://rdf.ncbi.nlm.nih.gov/pubchem/compound/CID8143,4.396
254,http://rdf.ncbi.nlm.nih.gov/pubchem/compound/CID957,3.984
255,http://rdf.ncbi.nlm.nih.gov/pubchem/compound/CID8147,2.9730000000000003
256,http://rdf.ncbi.nlm.nih.gov/pubchem/compound/CID8163,5.055
257,http://rdf.ncbi.nlm.nih.gov/pubchem/compound/CID8172,0.309
258,http://rdf.ncbi.nlm.nih.gov/pubchem/compound/CID8184,5.218999999999999
259,http://rdf.ncbi.nlm.nih.gov/pubchem/compound/CID8193,5.266
260,http://rdf.ncbi.nlm.nih.gov/pubchem/compound/CID445639,3.139
261,http://rdf.ncbi.nlm.nih.gov/pubchem/compound/CID8258,1.4080000000000001
262,http://rdf.ncbi.nlm.nih.gov/pubchem/compound/CID8259,2.818
263,http://rdf.ncbi.nlm.nih.gov/pubchem/compound/CID3224,8.484
264,http://rdf.ncbi.nlm.nih.gov/pubchem/compound/CID8268,5.861000000000001
265,http://rdf.ncbi.nlm.nih.gov/pubchem/compound/CID8292,3.855
266,http://rdf.ncbi.nlm.nih.gov/pubchem/compound/CID9570071,5.171
267,http://rdf.ncbi.nlm.nih.gov/pubchem/compound/CID8342,6.18
268,http://rdf.ncbi.nlm.nih.gov/pubchem/compound/CID8343,2.548
269,http://rdf.ncbi.nlm.nih.gov/pubchem/compound/CID8361,5.276
270,http://rdf.ncbi.nlm.nih.gov/pubchem/compound/CID8365,3.924
271,http://rdf.ncbi.nlm.nih.gov/pubchem/compound/CID1483,4.705
272,http://rdf.ncbi.nlm.nih.gov/pubchem/compound/CID3417419,3.6289999999999996
273,http://rdf.ncbi.nlm.nih.gov/pubchem/compound/CID3102,4.092
274,http://rdf.ncbi.nlm.nih.gov/pubchem/compound/CID8416,2.392
275,http://rdf.ncbi.nlm.nih.gov/pubchem/compound/CID67114,3.87
276,http://rdf.ncbi.nlm.nih.gov/pubchem/compound/CID8442,5.642
277,http://rdf.ncbi.nlm.nih.gov/pubchem/compound/CID289,4.287
278,http://rdf.ncbi.nlm.nih.gov/pubchem/compound/CID13,4.8
279,http://rdf.ncbi.nlm.nih.gov/pubchem/compound/CID8461,3.7689999999999997
280,http://rdf.ncbi.nlm.nih.gov/pubchem/compound/CID8467,3.278
281,http://rdf.ncbi.nlm.nih.gov/pubchem/compound/CID5232424,3.237
282,http://rdf.ncbi.nlm.nih.gov/pubchem/compound/CID8489,3.9330000000000003
283,http://rdf.ncbi.nlm.nih.gov/pubchem/compound/CID4004,4.422
284,http://rdf.ncbi.nlm.nih.gov/pubchem/compound/CID8490,4.305
285,http://rdf.ncbi.nlm.nih.gov/pubchem/compound/CID8492,3.927
286,http://rdf.ncbi.nlm.nih.gov/pubchem/compound/CID31200,4.809
287,http://rdf.ncbi.nlm.nih.gov/pubchem/compound/CID11487,4.65
288,http://rdf.ncbi.nlm.nih.gov/pubchem/compound/CID31236,2.6039999999999996
289,http://rdf.ncbi.nlm.nih.gov/pubchem/compound/CID31249,3.095
290,http://rdf.ncbi.nlm.nih.gov/pubchem/compound/CID31261,2.8510000000000004
291,http://rdf.ncbi.nlm.nih.gov/pubchem/compound/CID31265,4.208
292,http://rdf.ncbi.nlm.nih.gov/pubchem/compound/CID261,3.654
293,http://rdf.ncbi.nlm.nih.gov/pubchem/compound/CID31272,3.81
294,http://rdf.ncbi.nlm.nih.gov/pubchem/compound/CID31275,0.9309999999999999
295,http://rdf.ncbi.nlm.nih.gov/pubchem/compound/CID22494954,3.178
296,http://rdf.ncbi.nlm.nih.gov/pubchem/compound/CID13583,6.255
297,http://rdf.ncbi.nlm.nih.gov/pubchem/compound/CID31337,2.7319999999999998
298,http://rdf.ncbi.nlm.nih.gov/pubchem/compound/CID31357,4.513
299,http://rdf.ncbi.nlm.nih.gov/pubchem/compound/CID31358,1.0859999999999999
300,http://rdf.ncbi.nlm.nih.gov/pubchem/compound/CID31370,2.5860000000000003
301,http://rdf.ncbi.nlm.nih.gov/pubchem/compound/CID67180,2.117
302,http://rdf.ncbi.nlm.nih.gov/pubchem/compound/CID31373,3.955
303,http://rdf.ncbi.nlm.nih.gov/pubchem/compound/CID92098,3.112
304,http://rdf.ncbi.nlm.nih.gov/pubchem/compound/CID8606,6.351
305,http://rdf.ncbi.nlm.nih.gov/pubchem/compound/CID8607,6.207000000000001
306,http://rdf.ncbi.nlm.nih.gov/pubchem/compound/CID8609,4.6819999999999995
307,http://rdf.ncbi.nlm.nih.gov/pubchem/compound/CID4284,3.24
308,http://rdf.ncbi.nlm.nih.gov/pubchem/compound/CID8663,4.62
309,http://rdf.ncbi.nlm.nih.gov/pubchem/compound/CID22311,2.149
310,http://rdf.ncbi.nlm.nih.gov/pubchem/compound/CID8795,1.771
311,http://rdf.ncbi.nlm.nih.gov/pubchem/compound/CID8821,4.603
312,http://rdf.ncbi.nlm.nih.gov/pubchem/compound/CID8830,4.713
313,http://rdf.ncbi.nlm.nih.gov/pubchem/compound/CID5271566,3.9810000000000003
314,http://rdf.ncbi.nlm.nih.gov/pubchem/compound/CID8844,4.05
315,http://rdf.ncbi.nlm.nih.gov/pubchem/compound/CID8892,2.84
316,http://rdf.ncbi.nlm.nih.gov/pubchem/compound/CID8909,3.6060000000000003
317,http://rdf.ncbi.nlm.nih.gov/pubchem/compound/CID299,6.1129999999999995
318,http://rdf.ncbi.nlm.nih.gov/pubchem/compound/CID3225,4.08
319,http://rdf.ncbi.nlm.nih.gov/pubchem/compound/CID697993,4.1819999999999995
320,http://rdf.ncbi.nlm.nih.gov/pubchem/compound/CID9007,3.222
321,http://rdf.ncbi.nlm.nih.gov/pubchem/compound/CID9015,3.11
322,http://rdf.ncbi.nlm.nih.gov/pubchem/compound/CID9016,3.072
323,http://rdf.ncbi.nlm.nih.gov/pubchem/compound/CID9037,3.3739999999999997
324,http://rdf.ncbi.nlm.nih.gov/pubchem/compound/CID9154,6.774
325,http://rdf.ncbi.nlm.nih.gov/pubchem/compound/CID9207,3.114
326,http://rdf.ncbi.nlm.nih.gov/pubchem/compound/CID9215,4.8919999999999995
327,http://rdf.ncbi.nlm.nih.gov/pubchem/compound/CID9223,3.926
328,http://rdf.ncbi.nlm.nih.gov/pubchem/compound/CID9231,4.154
329,http://rdf.ncbi.nlm.nih.gov/pubchem/compound/CID9237,1.8119999999999998
330,http://rdf.ncbi.nlm.nih.gov/pubchem/compound/CID9238,5.678999999999999
331,http://rdf.ncbi.nlm.nih.gov/pubchem/compound/CID4130,4.508
332,http://rdf.ncbi.nlm.nih.gov/pubchem/compound/CID4790,6.018
333,http://rdf.ncbi.nlm.nih.gov/pubchem/compound/CID3118,4.854
334,http://rdf.ncbi.nlm.nih.gov/pubchem/compound/CID9298,6.023
335,http://rdf.ncbi.nlm.nih.gov/pubchem/compound/CID9395,5.981
336,http://rdf.ncbi.nlm.nih.gov/pubchem/compound/CID9411,3.1519999999999997
337,http://rdf.ncbi.nlm.nih.gov/pubchem/compound/CID9414,4.1160000000000005
338,http://rdf.ncbi.nlm.nih.gov/pubchem/compound/CID9477,6.171
339,http://rdf.ncbi.nlm.nih.gov/pubchem/compound/CID9492,4.739
340,http://rdf.ncbi.nlm.nih.gov/pubchem/compound/CID3120,4.215
341,http://rdf.ncbi.nlm.nih.gov/pubchem/compound/CID67615,5.2620000000000005
342,http://rdf.ncbi.nlm.nih.gov/pubchem/compound/CID3017,4.811
343,http://rdf.ncbi.nlm.nih.gov/pubchem/compound/CID9590,3.696
344,http://rdf.ncbi.nlm.nih.gov/pubchem/compound/CID67783,3.555
345,http://rdf.ncbi.nlm.nih.gov/pubchem/compound/CID9731,3.818
346,http://rdf.ncbi.nlm.nih.gov/pubchem/compound/CID9794,1.153
347,http://rdf.ncbi.nlm.nih.gov/pubchem/compound/CID67847,4.227
348,http://rdf.ncbi.nlm.nih.gov/pubchem/compound/CID67972,3.608
349,http://rdf.ncbi.nlm.nih.gov/pubchem/compound/CID67990,5.277
350,http://rdf.ncbi.nlm.nih.gov/pubchem/compound/CID1201518,3.387
351,http://rdf.ncbi.nlm.nih.gov/pubchem/compound/CID159055,3.141
352,http://rdf.ncbi.nlm.nih.gov/pubchem/compound/CID2758,3.18
353,http://rdf.ncbi.nlm.nih.gov/pubchem/compound/CID221118,5.307
354,http://rdf.ncbi.nlm.nih.gov/pubchem/compound/CID1796220,4.302
355,http://rdf.ncbi.nlm.nih.gov/pubchem/compound/CID10326,3.926
356,http://rdf.ncbi.nlm.nih.gov/pubchem/compound/CID10329,3.167
357,http://rdf.ncbi.nlm.nih.gov/pubchem/compound/CID79028,2.6919999999999997
358,http://rdf.ncbi.nlm.nih.gov/pubchem/compound/CID10352,3.9739999999999998
359,http://rdf.ncbi.nlm.nih.gov/pubchem/compound/CID10371,3.815
360,http://rdf.ncbi.nlm.nih.gov/pubchem/compound/CID10405,3.662
361,http://rdf.ncbi.nlm.nih.gov/pubchem/compound/CID10482,3.4810000000000003
362,http://rdf.ncbi.nlm.nih.gov/pubchem/compound/CID10566,4.075
363,http://rdf.ncbi.nlm.nih.gov/pubchem/compound/CID10680,4.803
364,http://rdf.ncbi.nlm.nih.gov/pubchem/compound/CID10800,5.013
365,http://rdf.ncbi.nlm.nih.gov/pubchem/compound/CID10864,4.938
366,http://rdf.ncbi.nlm.nih.gov/pubchem/compound/CID10908,2.551
367,http://rdf.ncbi.nlm.nih.gov/pubchem/compound/CID10943,4.269
368,http://rdf.ncbi.nlm.nih.gov/pubchem/compound/CID11092,3.3789999999999996
369,http://rdf.ncbi.nlm.nih.gov/pubchem/compound/CID11101,4.021
370,http://rdf.ncbi.nlm.nih.gov/pubchem/compound/CID541,4.175
371,http://rdf.ncbi.nlm.nih.gov/pubchem/compound/CID3286,5.728
372,http://rdf.ncbi.nlm.nih.gov/pubchem/compound/CID11251,1.999
373,http://rdf.ncbi.nlm.nih.gov/pubchem/compound/CID11298,3.7969999999999997
374,http://rdf.ncbi.nlm.nih.gov/pubchem/compound/CID11312,3.6660000000000004
375,http://rdf.ncbi.nlm.nih.gov/pubchem/compound/CID11356,3.787
376,http://rdf.ncbi.nlm.nih.gov/pubchem/compound/CID11414,4.762
377,http://rdf.ncbi.nlm.nih.gov/pubchem/compound/CID11443,3.025
378,http://rdf.ncbi.nlm.nih.gov/pubchem/compound/CID11463,5.052
379,http://rdf.ncbi.nlm.nih.gov/pubchem/compound/CID68525,3.569
380,http://rdf.ncbi.nlm.nih.gov/pubchem/compound/CID11552,4.423
381,http://rdf.ncbi.nlm.nih.gov/pubchem/compound/CID154889,2.369
382,http://rdf.ncbi.nlm.nih.gov/pubchem/compound/CID11622,5.7410000000000005
383,http://rdf.ncbi.nlm.nih.gov/pubchem/compound/CID11752,2.853
384,http://rdf.ncbi.nlm.nih.gov/pubchem/compound/CID11813,3.978
385,http://rdf.ncbi.nlm.nih.gov/pubchem/compound/CID69081,3.812
386,http://rdf.ncbi.nlm.nih.gov/pubchem/compound/CID69090,4.664
387,http://rdf.ncbi.nlm.nih.gov/pubchem/compound/CID11852,6.72
388,http://rdf.ncbi.nlm.nih.gov/pubchem/compound/CID11855,5.912999999999999
389,http://rdf.ncbi.nlm.nih.gov/pubchem/compound/CID11862,5.591
390,http://rdf.ncbi.nlm.nih.gov/pubchem/compound/CID11883,5.084
391,http://rdf.ncbi.nlm.nih.gov/pubchem/compound/CID69175,3.917
392,http://rdf.ncbi.nlm.nih.gov/pubchem/compound/CID11972,3.661
393,http://rdf.ncbi.nlm.nih.gov/pubchem/compound/CID69229,3.846
394,http://rdf.ncbi.nlm.nih.gov/pubchem/compound/CID12068,3.9339999999999997
395,http://rdf.ncbi.nlm.nih.gov/pubchem/compound/CID12075,5.146
396,http://rdf.ncbi.nlm.nih.gov/pubchem/compound/CID12083,3.885
397,http://rdf.ncbi.nlm.nih.gov/pubchem/compound/CID12110,4.91
398,http://rdf.ncbi.nlm.nih.gov/pubchem/compound/CID12116,3.4589999999999996
399,http://rdf.ncbi.nlm.nih.gov/pubchem/compound/CID12124,2.126
400,http://rdf.ncbi.nlm.nih.gov/pubchem/compound/CID12171,6.652
401,http://rdf.ncbi.nlm.nih.gov/pubchem/compound/CID638144,4.583
402,http://rdf.ncbi.nlm.nih.gov/pubchem/compound/CID12266,3.1310000000000002
403,http://rdf.ncbi.nlm.nih.gov/pubchem/compound/CID12313,2.072
404,http://rdf.ncbi.nlm.nih.gov/pubchem/compound/CID12353,3.7460000000000004
405,http://rdf.ncbi.nlm.nih.gov/pubchem/compound/CID12377,4.7589999999999995
406,http://rdf.ncbi.nlm.nih.gov/pubchem/compound/CID12385,2.412
407,http://rdf.ncbi.nlm.nih.gov/pubchem/compound/CID12433,3.4989999999999997
408,http://rdf.ncbi.nlm.nih.gov/pubchem/compound/CID12463,5.292999999999999
409,http://rdf.ncbi.nlm.nih.gov/pubchem/compound/CID12464,4.737
410,http://rdf.ncbi.nlm.nih.gov/pubchem/compound/CID12481,5.308
411,http://rdf.ncbi.nlm.nih.gov/pubchem/compound/CID69558,5.251
412,http://rdf.ncbi.nlm.nih.gov/pubchem/compound/CID12694,2.725
413,http://rdf.ncbi.nlm.nih.gov/pubchem/compound/CID12735,4.396
414,http://rdf.ncbi.nlm.nih.gov/pubchem/compound/CID12741,4.51
415,http://rdf.ncbi.nlm.nih.gov/pubchem/compound/CID12743,4.709
416,http://rdf.ncbi.nlm.nih.gov/pubchem/compound/CID69663,1.777
417,http://rdf.ncbi.nlm.nih.gov/pubchem/compound/CID12749,2.458
418,http://rdf.ncbi.nlm.nih.gov/pubchem/compound/CID12788,3.513
419,http://rdf.ncbi.nlm.nih.gov/pubchem/compound/CIDno mapping,3.3930000000000002
420,http://rdf.ncbi.nlm.nih.gov/pubchem/compound/CID12813,3.9760000000000004
421,http://rdf.ncbi.nlm.nih.gov/pubchem/compound/CID4933,4.404
422,http://rdf.ncbi.nlm.nih.gov/pubchem/compound/CID12901,4.593
423,http://rdf.ncbi.nlm.nih.gov/pubchem/compound/CID12902,6.6339999999999995
424,http://rdf.ncbi.nlm.nih.gov/pubchem/compound/CID12975,3.2460000000000004
425,http://rdf.ncbi.nlm.nih.gov/pubchem/compound/CID2130,3.782
426,http://rdf.ncbi.nlm.nih.gov/pubchem/compound/CID5284501,2.975
427,http://rdf.ncbi.nlm.nih.gov/pubchem/compound/CID13081,6.1770000000000005
428,http://rdf.ncbi.nlm.nih.gov/pubchem/compound/CID13097,3.715
429,http://rdf.ncbi.nlm.nih.gov/pubchem/compound/CID13134,3.845
430,http://rdf.ncbi.nlm.nih.gov/pubchem/compound/CID13165,4.3839999999999995
431,http://rdf.ncbi.nlm.nih.gov/pubchem/compound/CID13166,5.485
432,http://rdf.ncbi.nlm.nih.gov/pubchem/compound/CID13187,3.971
433,http://rdf.ncbi.nlm.nih.gov/pubchem/compound/CID2723623,3.92
434,http://rdf.ncbi.nlm.nih.gov/pubchem/compound/CID13254,4.575
435,http://rdf.ncbi.nlm.nih.gov/pubchem/compound/CID13263,4.377
436,http://rdf.ncbi.nlm.nih.gov/pubchem/compound/CID13360,2.758
437,http://rdf.ncbi.nlm.nih.gov/pubchem/compound/CID13361,2.6889999999999996
438,http://rdf.ncbi.nlm.nih.gov/pubchem/compound/CID13404,4.988
439,http://rdf.ncbi.nlm.nih.gov/pubchem/compound/CID13436,6.297999999999999
440,http://rdf.ncbi.nlm.nih.gov/pubchem/compound/CID13529,2.838
441,http://rdf.ncbi.nlm.nih.gov/pubchem/compound/CID79122,3.411
442,http://rdf.ncbi.nlm.nih.gov/pubchem/compound/CID13566,3.2880000000000003
443,http://rdf.ncbi.nlm.nih.gov/pubchem/compound/CID61240,2.895
444,http://rdf.ncbi.nlm.nih.gov/pubchem/compound/CID13651,3.984
445,http://rdf.ncbi.nlm.nih.gov/pubchem/compound/CID13676,5.354
446,http://rdf.ncbi.nlm.nih.gov/pubchem/compound/CID13679,3.365
447,http://rdf.ncbi.nlm.nih.gov/pubchem/compound/CID70387,6.644
448,http://rdf.ncbi.nlm.nih.gov/pubchem/compound/CID13728,3.698
449,http://rdf.ncbi.nlm.nih.gov/pubchem/compound/CID61249,4.59
450,http://rdf.ncbi.nlm.nih.gov/pubchem/compound/CID59310676,4.571000000000001
451,http://rdf.ncbi.nlm.nih.gov/pubchem/compound/CID70622,2.99
452,http://rdf.ncbi.nlm.nih.gov/pubchem/compound/CID14122,2.832
453,http://rdf.ncbi.nlm.nih.gov/pubchem/compound/CID14282,2.858
454,http://rdf.ncbi.nlm.nih.gov/pubchem/compound/CID14307,4.156000000000001
455,http://rdf.ncbi.nlm.nih.gov/pubchem/compound/CID14311,4.416
456,http://rdf.ncbi.nlm.nih.gov/pubchem/compound/CID3031,4.42
457,http://rdf.ncbi.nlm.nih.gov/pubchem/compound/CID70997,6.648
458,http://rdf.ncbi.nlm.nih.gov/pubchem/compound/CID3073,2.451
459,http://rdf.ncbi.nlm.nih.gov/pubchem/compound/CID15143,7.809
460,http://rdf.ncbi.nlm.nih.gov/pubchem/compound/CID92892,4.338
461,http://rdf.ncbi.nlm.nih.gov/pubchem/compound/CID2566,5.404
462,http://rdf.ncbi.nlm.nih.gov/pubchem/compound/CID5569,6.504
463,http://rdf.ncbi.nlm.nih.gov/pubchem/compound/CID15439,5.678
464,http://rdf.ncbi.nlm.nih.gov/pubchem/compound/CID15452,1.52
465,http://rdf.ncbi.nlm.nih.gov/pubchem/compound/CID94391,4.973
466,http://rdf.ncbi.nlm.nih.gov/pubchem/compound/CID15624,3.9789999999999996
467,http://rdf.ncbi.nlm.nih.gov/pubchem/compound/CID15649,6.143
468,http://rdf.ncbi.nlm.nih.gov/pubchem/compound/CID72863,5.189
469,http://rdf.ncbi.nlm.nih.gov/pubchem/compound/CID164881,5.382999999999999
470,http://rdf.ncbi.nlm.nih.gov/pubchem/compound/CID2319,6.525
471,http://rdf.ncbi.nlm.nih.gov/pubchem/compound/CID15859,5.82
472,http://rdf.ncbi.nlm.nih.gov/pubchem/compound/CID2256,4.158
473,http://rdf.ncbi.nlm.nih.gov/pubchem/compound/CID15965,3.64
474,http://rdf.ncbi.nlm.nih.gov/pubchem/compound/CID16004,4.368
475,http://rdf.ncbi.nlm.nih.gov/pubchem/compound/CID16066,5.6739999999999995
476,http://rdf.ncbi.nlm.nih.gov/pubchem/compound/CID16069,4.544
477,http://rdf.ncbi.nlm.nih.gov/pubchem/compound/CID16183,2.608
478,http://rdf.ncbi.nlm.nih.gov/pubchem/compound/CID16247,5.029
479,http://rdf.ncbi.nlm.nih.gov/pubchem/compound/CID16253,4.697
480,http://rdf.ncbi.nlm.nih.gov/pubchem/compound/CID249266,4.6739999999999995
481,http://rdf.ncbi.nlm.nih.gov/pubchem/compound/CID16322,4.3839999999999995
482,http://rdf.ncbi.nlm.nih.gov/pubchem/compound/CID16421,6.209
483,http://rdf.ncbi.nlm.nih.gov/pubchem/compound/CID92915,3.38
484,http://rdf.ncbi.nlm.nih.gov/pubchem/compound/CID16496,4.961
485,http://rdf.ncbi.nlm.nih.gov/pubchem/compound/CID16523,3.603
486,http://rdf.ncbi.nlm.nih.gov/pubchem/compound/CID16584,5.73
487,http://rdf.ncbi.nlm.nih.gov/pubchem/compound/CID16666,3.917
488,http://rdf.ncbi.nlm.nih.gov/pubchem/compound/CID16693,4.208
489,http://rdf.ncbi.nlm.nih.gov/pubchem/compound/CID16715,4.305
490,http://rdf.ncbi.nlm.nih.gov/pubchem/compound/CID16732,4.425
491,http://rdf.ncbi.nlm.nih.gov/pubchem/compound/CID75377,3.775
492,http://rdf.ncbi.nlm.nih.gov/pubchem/compound/CID71404,3.7569999999999997
493,http://rdf.ncbi.nlm.nih.gov/pubchem/compound/CID16945,3.623
494,http://rdf.ncbi.nlm.nih.gov/pubchem/compound/CID17016,4.22
495,http://rdf.ncbi.nlm.nih.gov/pubchem/compound/CID75540,3.1
496,http://rdf.ncbi.nlm.nih.gov/pubchem/compound/CID75556,3.298
497,http://rdf.ncbi.nlm.nih.gov/pubchem/compound/CID17151,3.6910000000000003
498,http://rdf.ncbi.nlm.nih.gov/pubchem/compound/CID17160,4.635
499,http://rdf.ncbi.nlm.nih.gov/pubchem/compound/CID17236,4.577
500,http://rdf.ncbi.nlm.nih.gov/pubchem/compound/CID17259,5.146
501,http://rdf.ncbi.nlm.nih.gov/pubchem/compound/CID17596,4.295
502,http://rdf.ncbi.nlm.nih.gov/pubchem/compound/CID6795,4.119
503,http://rdf.ncbi.nlm.nih.gov/pubchem/compound/CID40761,6.484
504,http://rdf.ncbi.nlm.nih.gov/pubchem/compound/CID17947,4.169
505,http://rdf.ncbi.nlm.nih.gov/pubchem/compound/CID2730,6.356
506,http://rdf.ncbi.nlm.nih.gov/pubchem/compound/CID18099,3.588
507,http://rdf.ncbi.nlm.nih.gov/pubchem/compound/CID18298,5.018
508,http://rdf.ncbi.nlm.nih.gov/pubchem/compound/CID18617,5.558
509,http://rdf.ncbi.nlm.nih.gov/pubchem/compound/CID5392,4.136
510,http://rdf.ncbi.nlm.nih.gov/pubchem/compound/CID18909,5.303
511,http://rdf.ncbi.nlm.nih.gov/pubchem/compound/CID72920,6.037999999999999
512,http://rdf.ncbi.nlm.nih.gov/pubchem/compound/CID77286,6.784
513,http://rdf.ncbi.nlm.nih.gov/pubchem/compound/CID77763,5.159
514,http://rdf.ncbi.nlm.nih.gov/pubchem/compound/CID77797,6.446000000000001
515,http://rdf.ncbi.nlm.nih.gov/pubchem/compound/CID20138,4.921
516,http://rdf.ncbi.nlm.nih.gov/pubchem/compound/CID637563,7.285
517,http://rdf.ncbi.nlm.nih.gov/pubchem/compound/CID77932,4.257
518,http://rdf.ncbi.nlm.nih.gov/pubchem/compound/CID20525,3.5980000000000003
519,http://rdf.ncbi.nlm.nih.gov/pubchem/compound/CID20473996,1.055
520,http://rdf.ncbi.nlm.nih.gov/pubchem/compound/CID21013,5.737
521,http://rdf.ncbi.nlm.nih.gov/pubchem/compound/CID78630,3.0860000000000003
522,http://rdf.ncbi.nlm.nih.gov/pubchem/compound/CID21026,3.5210000000000004
523,http://rdf.ncbi.nlm.nih.gov/pubchem/compound/CID78890,1.6469999999999998
524,http://rdf.ncbi.nlm.nih.gov/pubchem/compound/CID2723842,4.798
525,http://rdf.ncbi.nlm.nih.gov/pubchem/compound/CID79336,4.369
526,http://rdf.ncbi.nlm.nih.gov/pubchem/compound/CID79375,3.397
527,http://rdf.ncbi.nlm.nih.gov/pubchem/compound/CID79596,4.559
528,http://rdf.ncbi.nlm.nih.gov/pubchem/compound/CID21805,8.164
529,http://rdf.ncbi.nlm.nih.gov/pubchem/compound/CID21810,3.0069999999999997
530,http://rdf.ncbi.nlm.nih.gov/pubchem/compound/CID79755,3.877
531,http://rdf.ncbi.nlm.nih.gov/pubchem/compound/CID21885,2.983
532,http://rdf.ncbi.nlm.nih.gov/pubchem/compound/CID79882,2.2640000000000002
533,http://rdf.ncbi.nlm.nih.gov/pubchem/compound/CID442048,5.541
534,http://rdf.ncbi.nlm.nih.gov/pubchem/compound/CID80019,3.727
535,http://rdf.ncbi.nlm.nih.gov/pubchem/compound/CID440917,5.282
536,http://rdf.ncbi.nlm.nih.gov/pubchem/compound/CID22556,5.194
537,http://rdf.ncbi.nlm.nih.gov/pubchem/compound/CID72933,4.672
538,http://rdf.ncbi.nlm.nih.gov/pubchem/compound/CID80983,6.077000000000001
539,http://rdf.ncbi.nlm.nih.gov/pubchem/compound/CID23053,4.002
540,http://rdf.ncbi.nlm.nih.gov/pubchem/compound/CID23070,2.569
541,http://rdf.ncbi.nlm.nih.gov/pubchem/compound/CID81136,2.319
542,http://rdf.ncbi.nlm.nih.gov/pubchem/compound/CID23351,2.647
543,http://rdf.ncbi.nlm.nih.gov/pubchem/compound/CID81629,1.81
544,http://rdf.ncbi.nlm.nih.gov/pubchem/compound/CID5284507,5.192
545,http://rdf.ncbi.nlm.nih.gov/pubchem/compound/CID82227,5.687
546,http://rdf.ncbi.nlm.nih.gov/pubchem/compound/CID24834,3.736
547,http://rdf.ncbi.nlm.nih.gov/pubchem/compound/CID25059,5.127999999999999
548,http://rdf.ncbi.nlm.nih.gov/pubchem/compound/CID25670,6.81
549,http://rdf.ncbi.nlm.nih.gov/pubchem/compound/CID25750,3.477
550,http://rdf.ncbi.nlm.nih.gov/pubchem/compound/CID83234,5.985
551,http://rdf.ncbi.nlm.nih.gov/pubchem/compound/CID6436061,5.478
552,http://rdf.ncbi.nlm.nih.gov/pubchem/compound/CID26132,5.048
553,http://rdf.ncbi.nlm.nih.gov/pubchem/compound/CID83810,3.025
554,http://rdf.ncbi.nlm.nih.gov/pubchem/compound/CID24874,2.425
555,http://rdf.ncbi.nlm.nih.gov/pubchem/compound/CID84352,3.3739999999999997
556,http://rdf.ncbi.nlm.nih.gov/pubchem/compound/CID84519,4.109
557,http://rdf.ncbi.nlm.nih.gov/pubchem/compound/CID26731,3.25
558,http://rdf.ncbi.nlm.nih.gov/pubchem/compound/CID27010,2.883
559,http://rdf.ncbi.nlm.nih.gov/pubchem/compound/CID27057,2.924
560,http://rdf.ncbi.nlm.nih.gov/pubchem/compound/CID61828,1.234
561,http://rdf.ncbi.nlm.nih.gov/pubchem/compound/CID85346,6.233
562,http://rdf.ncbi.nlm.nih.gov/pubchem/compound/CID27982,3.0460000000000003
563,http://rdf.ncbi.nlm.nih.gov/pubchem/compound/CID4109,4.886
564,http://rdf.ncbi.nlm.nih.gov/pubchem/compound/CID87163,2.115
565,http://rdf.ncbi.nlm.nih.gov/pubchem/compound/CID87293,4.5569999999999995
566,http://rdf.ncbi.nlm.nih.gov/pubchem/compound/CID440967,5.434
567,http://rdf.ncbi.nlm.nih.gov/pubchem/compound/CID29021,6.317
568,http://rdf.ncbi.nlm.nih.gov/pubchem/compound/CID87601,2.74
569,http://rdf.ncbi.nlm.nih.gov/pubchem/compound/CID86866,5.568
570,http://rdf.ncbi.nlm.nih.gov/pubchem/compound/CID29574,4.456
571,http://rdf.ncbi.nlm.nih.gov/pubchem/compound/CID89182,3.457
572,http://rdf.ncbi.nlm.nih.gov/pubchem/compound/CID6439694,6.4079999999999995
573,http://rdf.ncbi.nlm.nih.gov/pubchem/compound/CID30215,2.395
574,http://rdf.ncbi.nlm.nih.gov/pubchem/compound/CID90732,4.1819999999999995
575,http://rdf.ncbi.nlm.nih.gov/pubchem/compound/CID31068,5.814
576,http://rdf.ncbi.nlm.nih.gov/pubchem/compound/CID20055167,8.571
577,http://rdf.ncbi.nlm.nih.gov/pubchem/compound/CID89807,3.325
578,http://rdf.ncbi.nlm.nih.gov/pubchem/compound/CID24738,4.8
579,http://rdf.ncbi.nlm.nih.gov/pubchem/compound/CID31657,4.512
580,http://rdf.ncbi.nlm.nih.gov/pubchem/compound/CID32484,4.096
581,http://rdf.ncbi.nlm.nih.gov/pubchem/compound/CID33528,6.183
582,http://rdf.ncbi.nlm.nih.gov/pubchem/compound/CID46174053,8.1
583,http://rdf.ncbi.nlm.nih.gov/pubchem/compound/CID62829,6.667000000000001
584,http://rdf.ncbi.nlm.nih.gov/pubchem/compound/CID34468,5.393
585,http://rdf.ncbi.nlm.nih.gov/pubchem/compound/CID34526,5.087
586,http://rdf.ncbi.nlm.nih.gov/pubchem/compound/CID34628,2.439
587,http://rdf.ncbi.nlm.nih.gov/pubchem/compound/CID545619,4.239
588,http://rdf.ncbi.nlm.nih.gov/pubchem/compound/CID36584,3.656
589,http://rdf.ncbi.nlm.nih.gov/pubchem/compound/CID36606,5.852
590,http://rdf.ncbi.nlm.nih.gov/pubchem/compound/CID22804255,5.683
591,http://rdf.ncbi.nlm.nih.gov/pubchem/compound/CID93169,3.2969999999999997
592,http://rdf.ncbi.nlm.nih.gov/pubchem/compound/CID141917,2.9410000000000003
593,http://rdf.ncbi.nlm.nih.gov/pubchem/compound/CID37182,4.12
594,http://rdf.ncbi.nlm.nih.gov/pubchem/compound/CID92309,6.569
595,http://rdf.ncbi.nlm.nih.gov/pubchem/compound/CID37803,6.882000000000001
596,http://rdf.ncbi.nlm.nih.gov/pubchem/compound/CID38779,6.645
597,http://rdf.ncbi.nlm.nih.gov/pubchem/compound/CID39135,3.895
598,http://rdf.ncbi.nlm.nih.gov/pubchem/compound/CID39211,3.6010000000000004
599,http://rdf.ncbi.nlm.nih.gov/pubchem/compound/CID4169,4.539
600,http://rdf.ncbi.nlm.nih.gov/pubchem/compound/CID3347,8.137
601,http://rdf.ncbi.nlm.nih.gov/pubchem/compound/CID294545,4.468999999999999
602,http://rdf.ncbi.nlm.nih.gov/pubchem/compound/CID92014,3.745
603,http://rdf.ncbi.nlm.nih.gov/pubchem/compound/CID73669,5.385
604,http://rdf.ncbi.nlm.nih.gov/pubchem/compound/CID10342051,9.261000000000001
605,http://rdf.ncbi.nlm.nih.gov/pubchem/compound/CID47898,4.828
606,http://rdf.ncbi.nlm.nih.gov/pubchem/compound/CID47938,4.706
607,http://rdf.ncbi.nlm.nih.gov/pubchem/compound/CID3085413,2.015
608,http://rdf.ncbi.nlm.nih.gov/pubchem/compound/CID94653,5.8420000000000005
609,http://rdf.ncbi.nlm.nih.gov/pubchem/compound/CID50980,8.976
610,http://rdf.ncbi.nlm.nih.gov/pubchem/compound/CID157289,5.95
611,http://rdf.ncbi.nlm.nih.gov/pubchem/compound/CID91754,8.2
